eye_area,inner_mouth_area,mouth_area,lip_slope,lip_distance_to_eye,emotion
3.4866894767434724,13.968966120201555,38.901386837127276,-0.3333333333333333,94.72592042308166,happy
3.139509480382268,9.118067572907094,25.091548425242657,-0.11764705882352941,96.1041102138717,happy
4.336202358888103,8.512750728126424,24.471763533518725,-0.2857142857142857,99.46356116689167,happy
3.326040312715537,11.164331119604599,30.941146245761317,-0.1111111111111111,89.26925562588724,happy
2.8371442407062673,17.42071785500331,42.7658730719793,-0.23255813953488372,93.05912099305473,happy
3.017156356098255,18.818498445982026,48.18597877269878,-0.13513513513513514,81.49846624323675,happy
1.750491942894735,19.891953896531078,37.71514458782293,-0.2619047619047619,95.1892851112981,happy
2.5214841530835006,3.5147960921770007,25.818833405888196,-0.0,83.19855767980596,happy
2.409054370156522,6.475165475586453,1.4973404234398273,-0.10714285714285714,94.86832980505137,happy
1.5781664769281982,9.73202660772389,27.68020939138537,-0.1935483870967742,88.76936408468859,happy
3.270941173926411,10.88680295841175,31.484340138542606,-0.4864864864864865,80.00624975587844,happy
3.6655262808903317,8.938525880975094,31.840961403437166,-0.40625,83.93449827097318,happy
2.2012631884052536,16.195548063146557,40.06904161162415,-0.17857142857142858,82.97590011563598,happy
4.021311018522729,9.068779919634682,32.872134563627455,-0.9,90.95603333479313,happy
2.8740406670918146,13.291128528495074,29.662334661333986,-0.35714285714285715,98.41239759298622,happy
2.399755139518824,19.61942669124467,41.64575065039959,-0.05555555555555555,78.77182237323191,happy
2.8441009028199877,6.453603597492789,21.045796032096792,-0.21951219512195122,111.19802156513397,happy
4.029660777733848,16.07569823586185,39.38045044243629,-0.2857142857142857,97.86725703727473,happy
2.6410690336948344,43.99563502114009,101.01777116595296,-1.0,103.94229168149026,happy
1.6506410256410255,13.615384615384615,36.18589743589744,-0.02702702702702703,82.73451516749222,happy
1.801072520404691,5.935018745868638,20.96648206461317,-0.17142857142857143,96.1041102138717,happy
3.220640425827641,5.559361059592947,20.695717787062815,0.03125,86.68333173107735,happy
2.0212877638715203,2.506749890565554,16.729319105347113,-0.1111111111111111,99.82484660644363,happy
2.0245620808706772,18.131078190908507,37.939650677395576,-0.25,98.95453501482385,happy
1.5397980645959286,6.396955194828673,23.532869685754687,-0.0,93.26306878931231,happy
2.539462391600526,12.175289549837453,31.172195230434895,-0.5925925925925926,92.9623579735368,happy
1.432921487214927,0.013391789600139503,13.344918336539015,-0.2692307692307692,95.80187889597991,happy
2.4324516687263604,10.760562172854263,26.83903487652729,-0.08823529411764706,86.83317338436964,happy
4.579475498017987,21.218727307536717,45.24256742012947,-0.6818181818181818,95.34149149242423,happy
2.867385654110101,7.535668311469753,25.646816897341125,-0.10526315789473684,94.54099639838793,happy
3.37583844430225,7.1748965956277,26.07430163738251,-0.5833333333333334,103.58571330062848,happy
2.970540102562079,1.2090163218305179,13.091176732078834,-0.07692307692307693,93.94147114027967,happy
1.8228928982905304,9.552720972226334,24.16127033134905,-0.0,81.58431221748455,happy
2.6866578329989714,13.005195334462055,44.256044963356686,-0.34146341463414637,82.56512580987206,happy
2.4373057072253896,13.525707496140898,33.94149074155357,0.1111111111111111,83.72574275573791,happy
4.102562706967822,15.685859450070518,36.90913375929115,-0.11428571428571428,93.05912099305473,happy
1.579407243928018,9.429892513220757,31.927301802519644,-0.07692307692307693,90.4267659490264,happy
1.730033997196519,14.689674950924955,33.75127697057758,-0.18604651162790697,93.53608929178085,happy
1.4119177378445984,17.950115016793568,41.98233721199463,-0.25925925925925924,94.36630754670864,happy
2.505587847829501,22.61012556414502,41.39081537280137,-0.6296296296296297,98.0612053770501,happy
2.421518498057545,28.189761384495423,55.35458279081463,-0.84,98.65596788841515,happy
3.7984520836323137,11.877551232848628,29.105911297677252,-0.06666666666666667,92.39588735436226,happy
4.073380786825946,14.599395358287486,39.82861213785369,-0.8,90.80198235721508,happy
2.529493333585393,17.29647429326281,50.82193028029368,-0.30434782608695654,83.02409288875127,happy
3.302154756559636,0.24593704817247064,13.958427099935102,-0.2,104.35516278555652,happy
2.2704178622285673,9.348779432705866,34.92617366442547,-0.375,91.67878707749138,happy
1.8481573120159303,0.30478383742017096,12.217292546800044,0.22727272727272727,86.12200647918046,happy
4.61417328582092,0.5904392356263737,26.7592893084496,-0.6190476190476191,102.48902380255166,happy
4.804151225308503,2.7952626799250297,22.282803207345626,-0.2,94.11163583744573,happy
3.7422424264574814,11.910476877919686,32.93761506980259,0.06666666666666667,77.88452991448301,happy
3.3192352198871613,10.775716235178699,32.33501419183915,-0.14285714285714285,82.0,happy
3.0748199345286436,7.745729606064521,25.845178584545256,0.21621621621621623,100.0,happy
3.144316341948954,33.496780769093355,71.42937501333095,-0.8571428571428571,99.60923651951158,happy
4.782853814171494,17.92256209486241,40.33890442172112,-0.7222222222222222,92.5418824100742,happy
3.931486529561409,15.61031416149383,41.61465643545557,-0.36363636363636365,108.34205093129813,happy
3.288491806947015,11.529373665790331,37.43552691786164,-0.5483870967741935,87.28115489611719,happy
1.5012012676430193,14.32596000866213,34.56082525261693,-0.4642857142857143,91.92388155425118,happy
2.097850895782956,7.028428599943497,28.101152418362112,-0.4166666666666667,107.8702924812944,happy
1.85,8.76,31.1,-3.25,102.35721762533407,happy
1.8748961505325212,17.364020794827322,36.94264017861118,-0.3333333333333333,101.43470806385751,happy
3.004404210837148,7.456242741999484,29.4650683802414,-0.5833333333333334,93.74433316206373,happy
1.9741523493286781,6.2403916960052594,24.91720380987882,-0.23333333333333334,84.72307831990054,happy
4.093914402516879,16.085180313214877,43.89838148685505,-1.05,89.08984229416954,happy
2.9069039717167975,11.383338242185106,30.524934479473195,-0.22641509433962265,117.15374513859982,happy
1.7036281851649997,0.21982299163419353,14.074777658800446,-0.13513513513513514,103.36827366266692,happy
2.3733212542966866,8.214887533575565,20.791714629287434,-0.034482758620689655,101.9803902718557,happy
3.1627563490941584,11.451479438175541,29.061093068743897,-0.16129032258064516,85.5102333057278,happy
2.5436846702625715,21.670028552619865,46.74606891903812,-0.1935483870967742,89.26925562588724,happy
2.6049262225637024,15.34495234596706,40.80919320447293,-0.52,94.36630754670864,happy
4.642906661944541,7.307112479931871,29.398899805162003,-0.28,93.7709976485267,happy
2.452671194759435,8.046124113919147,29.99753130701609,-0.3125,93.05912099305473,happy
1.5542697606755,18.721752202314338,39.74112057258377,-0.4,105.22357150372724,happy
4.159152991469561,10.953297319149653,33.60536569682505,-0.5135135135135135,93.94147114027967,happy
1.7531061247502242,11.57050042335148,33.169976918980964,0.03571428571428571,90.60905032059435,happy
2.6945018655091437,16.489706027247575,35.92238894233268,-0.25,95.03683496413377,happy
1.859801945111292,13.554488752506026,32.77034071419829,-0.10526315789473684,88.45903006477066,happy
1.9560048301517325,3.047624837867392,18.19218159797158,0.75,130.61393493804556,happy
1.4320131859399488,13.19967443646843,30.69824674050908,-0.021739130434782608,91.0494371207203,happy
1.5598349687143944,0.6154861385256024,15.755238310689686,0.034482758620689655,91.98369420718001,happy
2.7686639543465708,0.013571882129149858,17.928456292606963,-0.37037037037037035,101.6366075781753,happy
1.835386429259489,13.638031545529584,33.57908054385421,-0.1875,91.2414379544733,happy
0.8397014925278875,15.1479483533007,37.61995972476131,0.17073170731707318,71.17583859709698,happy
1.9050100175818325,17.893860092020944,42.23062426544296,-0.34375,92.5418824100742,happy
1.8338176867420475,3.1062003412702235,21.352838888221047,-0.175,100.84145972763385,happy
1.9291577137538762,3.5174492149271805,21.692145570818962,-0.0,80.049984384758,happy
1.6902817598740405,1.250930544311113,15.535947150322407,0.20930232558139536,82.87339742040264,happy
2.03233750764285,2.7780152982168453,14.047984729088132,-0.0,97.29337079164233,happy
4.196214390752375,0.39718768992222303,21.801190980175353,-0.26666666666666666,93.60555539069249,happy
3.5416666666666665,5.217948717948718,7.134615384615385,0.03125,90.70832376358854,happy
3.3741597970384922,9.714183191086617,29.854618146110184,-0.17777777777777778,94.64142856064674,happy
2.751778955966083,2.8482742276988717,17.641997611284367,-0.12195121951219512,94.54099639838793,happy
1.7454428920081415,0.4727915811376413,10.258929650986628,0.25925925925925924,84.8999411071645,happy
6.693974154251727,31.957790735170658,66.95640358148242,-2.2,99.12618221237011,happy
5.4568631803656915,14.685687695062942,35.77816265652728,-0.4166666666666667,95.33624704172071,happy
6.091470289843648,9.642893632479764,26.59422521749921,-0.20588235294117646,104.04806581575652,happy
4.608225691746019,12.237025596037967,37.074352974032564,-0.2571428571428571,99.24716620639605,happy
3.2513637078240185,9.367311797634255,30.053962302990417,-0.0,87.20665112249179,happy
3.303995820306654,9.671881316353154,28.278416631938835,-0.2903225806451613,94.59386872308374,happy
2.3666786638206694,0.8053772169419591,12.130111241134594,-0.1111111111111111,91.21403400793103,happy
4.25,8.446153846153846,31.776923076923076,-0.09090909090909091,76.2954782408499,happy
3.1451601922591794,6.055464830303243,19.334324814574085,-0.26666666666666666,111.6288493177279,happy
3.7515139577750487,10.810485119139528,32.454423810221286,-0.18181818181818182,78.85429601486528,happy
1.3301790179930344,23.997331300877725,48.01269892742315,-0.9666666666666667,85.07055894961546,happy
2.7930460864723656,1.9924914757000316,22.45110930654857,0.023809523809523808,80.75270893288967,happy
2.5080726392966337,4.786557491917015,18.847070124423247,-0.12903225806451613,91.21951545584969,happy
5.366707134806959,17.189502802893525,42.07819193118881,-0.34782608695652173,99.14131328563285,happy
2.697874899757209,20.057363871357907,43.493535923881396,-0.6666666666666666,90.52071586106685,happy
1.9107736842484497,25.355411793471127,51.725674340402016,-0.8846153846153846,96.84007434941384,happy
4.065954910828169,1.9878001786271047,10.784461358720428,-0.2962962962962963,104.12012293500234,happy
3.8331371475886855,3.521633273319288,25.438390069284022,-0.14285714285714285,96.5090669315583,happy
2.7701270133281852,15.48325054421544,39.362809258814096,-0.9615384615384616,105.90561835898981,happy
5.1235650788925335,27.002299587378403,54.98821587629305,-0.9130434782608695,114.54256850621083,happy
2.9458087002564874,16.049324803894272,41.27074311395543,-0.13513513513513514,80.4114419718985,happy
3.6178230734586334,9.806523772302397,30.0582484628362,-0.56,89.26925562588724,happy
4.51280884408207,0.9739395288041127,15.869877664554686,-0.21428571428571427,98.43271813782245,happy
3.43559000588321,13.055242022356197,32.14423899254478,-0.08571428571428572,82.20097323024831,happy
3.6493862941542488,20.07818040161032,45.85552215361243,-0.6153846153846154,82.86132994346639,happy
2.2266112052546645,6.64528816688134,19.49619515122843,-0.05714285714285714,87.86353054595519,happy
4.709910507013833,19.87954867173824,42.67083594578862,-0.40625,82.76472678623425,happy
5.305181573253008,16.41530820129735,47.47753074614105,-1.0588235294117647,100.31948963187563,happy
2.1929083605253843,16.750990315239065,37.33603331242897,-0.10810810810810811,80.89499366462674,happy
4.224560917529699,1.2691212051002083,22.05185740353677,0.06060606060606061,85.58621384311844,happy
3.0036346516661534,9.742937318191414,35.354257047480296,-0.5294117647058824,100.2845950283492,happy
2.666735031329449,0.013120467558816476,15.619916628771016,-0.14814814814814814,90.95603333479313,happy
2.0324695707939058,1.9614944429249122,16.285565703758152,-0.13793103448275862,94.54099639838793,happy
3.0844723245710917,7.31383612332796,29.672893148603123,-0.48717948717948717,107.5174404457249,happy
3.1867330329060493,0.8912050007279629,31.201177096193128,-0.5,87.82368700982668,happy
3.5665688279607313,15.015554477380894,42.00459002005853,-0.1724137931034483,82.0,happy
3.873132620006251,14.236191762782832,40.88306654451043,-0.0,90.09439494219383,happy
3.8125372728368156,2.3564928872307958,17.65773125526599,-0.11764705882352941,93.62157870918435,happy
2.4957173645523163,0.2698072826543045,14.704496904659594,-0.18421052631578946,76.15773105863909,happy
3.1623986222332494,5.365935854634843,21.343885744810414,-0.22580645161290322,75.50496672405067,happy
1.6476459701510713,0.9811824316629976,10.86088729387972,0.09375,93.39164844888434,happy
2.947032244780023,12.848509740092345,31.859621954666277,-0.12903225806451613,87.32124598286491,happy
2.2799988629580787,13.489141254989649,35.02132782624397,-0.2702702702702703,91.21951545584969,happy
2.8505968179502035,8.70279504204473,25.46122260530225,-0.11904761904761904,91.21951545584969,happy
3.4945442494037775,4.898013503207451,19.566935994864636,-0.35714285714285715,107.8563859954523,happy
4.375123500714982,9.299560882612791,24.641574458236672,-0.3157894736842105,106.04244433244644,happy
2.6186820294380984,5.496903065605767,21.58166663651271,-0.45454545454545453,102.61578825892242,happy
3.87231400260238,14.729233635021417,35.96425880336499,-0.20689655172413793,85.37564055396598,happy
3.7392850801048123,34.58272140751481,65.89451263384703,-0.5945945945945946,96.33794683301072,happy
2.665334442862226,15.08229833536398,35.622846601584214,-0.0975609756097561,108.77959367454909,happy
3.1925846993382403,1.4762568980104995,17.156111717656,-0.21212121212121213,93.14504817756014,happy
4.760449305828284,1.5628101351962749,15.800946712537451,-0.375,97.52948272189288,happy
2.9887927866488075,15.971361453654566,33.53051907521631,-0.03225806451612903,85.98837130682264,happy
6.161841921255413,17.913471473994516,44.195279986935375,-0.25,96.17692030835673,happy
5.60694642956732,25.524049869322777,60.600404034448886,-0.2727272727272727,89.26925562588724,happy
2.447910647259205,13.843597250169578,36.167705460644555,-0.17142857142857143,85.84287972802403,happy
7.716042063292193,17.390590216043872,42.22193047477318,-0.6296296296296297,104.78549517943789,happy
2.5602531403033635,11.13301564998936,31.4584295430892,-0.09523809523809523,80.4114419718985,happy
3.8666033236053448,1.7519985347441116,19.79614737823572,-0.42105263157894735,98.08159868191383,happy
4.13608345637511,24.270225564767156,54.58849769310169,-1.6666666666666667,97.49358953285082,happy
4.243354934931884,16.85183363844009,50.433914814032825,-0.5555555555555556,86.34813257969161,happy
3.7396100979640474,13.647342030817,41.71676603306507,-0.3125,84.92938243034621,happy
3.710237136573565,12.599952399399523,37.12820417434539,-0.2653061224489796,92.22797840135064,happy
5.375872022286245,21.76146337194819,54.2580272218364,-0.5172413793103449,86.97700845625813,happy
5.217271401319764,13.729661582420432,41.448322799373685,-0.3448275862068966,86.12200647918046,happy
4.737744625655865,2.632541711363557,28.517817781774305,-0.5454545454545454,88.28363381737297,happy
4.399903154535069,21.383293832209684,56.6139189125904,-0.40625,84.92938243034621,happy
4.454336770247456,9.472425537979355,30.449567765363465,-0.4166666666666667,101.9803902718557,happy
3.5247246416431373,11.724084091706606,32.7599407295981,0.08823529411764706,88.28363381737297,happy
2.9474023545601846,0.4677324623339383,10.352019938420252,-0.2857142857142857,101.96568050084302,happy
3.899400337478213,20.00720360070597,44.23450588440238,-0.4358974358974359,92.64987857520376,happy
1.7135432907596855,17.457907844234285,41.51074429460271,-0.1111111111111111,88.11923740024082,happy
2.9613382434178863,20.658522291403244,46.09910992803872,-0.11428571428571428,82.87339742040264,happy
2.2131375784565384,27.753005093443246,61.02369565646307,-0.7222222222222222,82.97590011563598,happy
3.9762625282542854,19.82462458078715,52.87376384312063,-0.41935483870967744,82.0,happy
4.408357215564553,9.510720868278225,29.721887925661736,-0.17391304347826086,94.83142938920619,happy
4.761177634293543,11.671758295092308,35.23188139182396,-0.3,83.95236744726142,happy
2.5141911644250112,0.9703895722342148,15.818028621524158,-0.2,91.67878707749138,happy
3.7335238046649706,5.246732316404183,32.201642815235374,-0.2777777777777778,88.64536084872124,happy
3.253649520021918,16.198552740041478,43.44557487614386,-0.47368421052631576,91.67878707749138,happy
3.0795063576067134,8.18360167004137,30.12730441201862,-0.1724137931034483,84.8999411071645,happy
4.198410392236674,8.28116209598198,33.40222923630721,-0.6818181818181818,96.04686356149273,happy
2.975611931917758,12.47765895614584,36.65127955794611,-0.3902439024390244,85.16454661418682,happy
3.918538544209974,19.63254226556726,51.52103333381611,-0.35714285714285715,77.3692445355388,happy
3.597782119394113,18.947198357743762,46.76276151913423,-0.41379310344827586,82.20097323024831,happy
2.5970935007310976,0.26098243512248775,11.234975560760754,-0.13953488372093023,95.90099061010788,happy
1.471260944916134,14.3103406338425,35.831722253400535,-0.03225806451612903,76.6550715869472,happy
4.385016341545885,8.367495441806144,25.175075008273215,0.0625,88.76936408468859,happy
3.441963884850535,8.317218036065256,29.327323911759514,-0.5714285714285714,100.80674580602232,happy
4.118122365159829,2.0943960858691177,20.03810242891343,-0.14285714285714285,98.0612053770501,happy
3.16288939652007,9.436589878969869,26.15025569109678,-0.2647058823529412,95.90099061010788,happy
4.491531121984726,1.1822268445431299,19.297293297148883,-0.5172413793103449,90.02777349240623,happy
3.539192929478813,0.6197030421266404,11.223510651849153,-0.13333333333333333,99.68951800465283,happy
3.4579450826251583,19.654848174367682,47.92464603555237,-0.5,87.86353054595519,happy
4.295482857500915,15.013174918780107,40.00431099578641,-0.2857142857142857,85.98837130682264,happy
3.5408211746909104,14.838787270874487,37.02644867789992,-0.35555555555555557,90.24411338142782,happy
2.489160374644055,8.449121835059398,30.683283942091226,-0.36363636363636365,97.86214794290998,happy
3.446053706825287,19.122490409216873,41.39407999741638,-0.18181818181818182,86.97700845625813,happy
3.8656122490300198,2.8003275637584455,15.583743787017337,-0.22448979591836735,115.52056094046635,happy
3.1399073825123,29.369372306709412,54.24343252565718,-0.3,96.62815324738438,happy
3.1138576039580586,14.414711604839551,34.281059505066345,-0.23404255319148937,94.72592042308166,happy
3.244717596457845,17.166242941504805,35.715046489859134,-0.06896551724137931,89.26925562588724,happy
5.586849379189331,0.015411998287418845,14.1482144278505,-0.1935483870967742,89.28605714219886,happy
2.4748737341529163,23.792063461100305,47.72970773009196,-0.34375,93.2148056909416,happy
1.8993083168841436,17.097124602075255,37.972767337211025,-0.11764705882352941,90.79647570252934,happy
2.768906572262938,20.624654299162472,44.302505156207005,-0.48148148148148145,91.59148432032315,happy
3.800156770001816,3.2074717691758448,19.632206432588383,-0.2608695652173913,90.80198235721508,happy
3.681387775041668,8.573609935745662,27.322741137336834,-0.375,89.10667763978185,happy
3.780508945201335,11.281038692480784,29.646751148268873,-0.30303030303030304,87.69264507357501,happy
3.9689139421782036,6.453940059444067,24.979858362607306,-0.42857142857142855,108.90821823902914,happy
4.273931358900941,10.491812142334245,29.86237201090141,-0.36,98.48857801796105,happy
2.793918918918919,4.756756756756757,22.62162162162162,-0.06666666666666667,87.0976463516667,happy
2.6099460626130733,15.337985349356362,37.55287509159787,-0.20408163265306123,95.1892851112981,happy
3.298799698453081,9.062984762320664,24.584138386742556,-0.09090909090909091,90.09439494219383,happy
2.7454188825686203,20.78218247153688,46.600293184064455,-0.32432432432432434,86.83317338436964,happy
2.627953083661872,14.685412117582898,36.59327402902521,-0.13157894736842105,82.87339742040264,happy
2.881078030063114,16.420612283045884,40.91743798015167,-0.25,87.69264507357501,happy
3.709413752874651,27.13171202102602,53.724675854134524,-0.5357142857142857,86.70063436907483,happy
1.6819791223416616,2.1537140792846805,17.093072163990502,0.125,92.44457799135652,happy
3.2854357371332985,13.32517704751571,30.79727497560047,-0.1,97.082439194738,happy
2.9567946052223535,17.013160756225123,37.14361763424076,-0.34615384615384615,93.74433316206373,happy
4.698885080963182,4.158495402954468,19.48265832502937,-0.18181818181818182,93.62157870918435,happy
3.0387235645044335,4.161659748618425,22.847058962088713,-0.12121212121212122,95.70788891204319,happy
2.7424882694087556,21.401757513725684,48.22639749224454,-0.30952380952380953,89.80534505250787,happy
2.9829770406373477,3.9608505896363537,19.557470979980128,-0.038461538461538464,100.0199980003999,happy
3.1349605546849295,0.4161452063741057,15.029777703544784,-0.1935483870967742,96.77293009927931,happy
3.7168922116498555,0.29735137693198843,13.518608941493328,-0.058823529411764705,88.29496021857646,happy
4.296931124337264,18.845475439992782,54.990548140335115,-0.8636363636363636,84.09518416651456,happy
5.8115432038411585,15.637115527566838,42.3945163204505,-0.7714285714285715,93.92017887546851,happy
5.5876434558768,0.3192939117643886,15.334510236052871,-0.5,95.12623192369179,happy
5.623757618015992,13.844321161631434,41.13468036747108,-0.5151515151515151,92.39588735436226,happy
3.542547824718453,4.205556775399705,18.960755971933445,-0.10256410256410256,96.17692030835673,happy
6.1282403632069276,38.05366902006067,76.52414850600121,-0.96,80.4114419718985,happy
3.6044788862243475,26.331310549131853,61.792275366423496,-0.4827586206896552,83.54639429682169,happy
2.403272360251807,13.530087004839098,41.33030444737866,-0.38235294117647056,91.21403400793103,happy
4.319385904801121,13.49854046164231,38.407611858180516,-0.1,87.28115489611719,happy
3.486186433317007,23.789539816085775,61.4338064669267,-0.9565217391304348,93.39164844888434,happy
2.7467698283968627,15.686934770674434,48.235768176295046,-0.46153846153846156,84.17244204607586,happy
5.687209873236733,7.755286190777363,28.033923415550763,-0.37037037037037035,84.8999411071645,happy
1.9902344101474487,8.319427068504552,33.08610185564998,-0.05263157894736842,105.01904589168576,happy
4.146298612967824,11.799774665420957,30.534014063127216,-0.35294117647058826,89.1852005660132,happy
3.558724171488697,1.0628932813074647,17.91172011092209,-0.6923076923076923,98.76234100101111,happy
3.9280659563707045,11.049121198914087,30.888534245612906,-0.17142857142857143,82.97590011563598,happy
2.651628989890552,20.844982469423517,45.713414604895476,-0.38461538461538464,85.32877591996736,happy
3.821642880916998,18.17790203952814,44.829008785257535,-0.15555555555555556,86.46964785403026,happy
5.8418666858223585,0.7615096238502143,23.28768954460036,-0.27586206896551724,95.2102935611481,happy
4.074514962555314,0.15243703679084575,20.29953206598096,-0.05128205128205128,94.72592042308166,happy
6.081411173179824,17.75877979744239,52.90562927727122,-0.7,84.72307831990054,happy
2.7703189449826184,8.413785267403542,35.30039598890515,-0.4888888888888889,110.16351483136329,happy
6.012476624158711,1.9672886720309055,32.780243776129424,-0.9411764705882353,98.50888284819801,happy
4.0797631319863115,0.07873227096815688,22.15239805876778,-0.1724137931034483,93.68030742904295,happy
6.26045610981144,20.76094153189433,57.68914231096767,-0.9655172413793104,92.17917335276988,happy
2.3243798906209783,5.47520596457386,22.0952817837853,-0.12,102.88342918079665,happy
3.4516439784320387,1.601615103628503,21.55970045619103,-0.10526315789473684,93.17188417113823,happy
6.031944080082797,11.920539895598273,40.40912131697743,-1.3333333333333333,104.92378186092989,happy
4.546445372245206,1.2786877609439642,18.61201074262881,-0.3333333333333333,97.98469268207153,happy
4.332381706405842,16.93122721713122,40.06055535939467,-0.16216216216216217,87.66413177577246,happy
2.199081914897595,17.50086755229808,42.16882990201893,-0.5333333333333333,90.44335243676011,happy
3.036118779194798,23.462605978670503,53.95378050734242,-0.6,81.58431221748455,happy
3.969397180682744,12.48487754754365,35.23776176436285,-0.09090909090909091,83.81527307120105,happy
4.118964912383691,7.791984830595631,23.61700583998784,0.08333333333333333,101.65136496870073,happy
3.0676063622008245,19.56041839731288,47.47351093096473,-0.18421052631578946,87.46427842267951,happy
2.1548521563555982,31.796998419183208,61.33571177850575,-0.5277777777777778,80.2807573457052,happy
3.0058409848676324,12.771122411075533,32.88656565217247,-0.125,77.3692445355388,happy
4.619013624136975,8.368669170727257,28.276091007074253,-0.53125,85.70297544426332,happy
3.144766196242388,14.19345114819735,38.13165980112721,-0.3103448275862069,90.95603333479313,happy
2.784510224619625,10.808246955320321,35.64772712864317,-0.35714285714285715,90.24965373894794,happy
2.2353517481484566,14.3529389145355,37.958536330900685,-0.5,101.41498903022176,happy
3.98521445339266,1.4546790400216554,18.141059861603395,-0.23076923076923078,108.6830253535482,happy
2.0118332340754415,10.160118375671315,26.781177890165555,-0.2894736842105263,81.49233092751734,happy
3.8629555979903696,26.671189085255246,55.68534471798726,-0.6875,91.44397191723465,happy
3.4688126901080327,0.6884082516201168,19.03066366700945,-0.21212121212121213,90.70832376358854,happy
2.4895437303160755,12.632402904571183,33.12496761643111,-0.9444444444444444,98.2700361249552,happy
5.551762613618987,14.857773756900324,42.31071613005625,-0.34782608695652173,87.66413177577246,happy
4.145333541481593,13.83152750491039,33.348280281471325,0.025,87.46427842267951,happy
6.143393866859788,21.489203030845175,47.600739548859956,-0.30434782608695654,82.60750571225353,happy
4.175478881973337,18.560021159669898,40.07197617208669,0.058823529411764705,85.15867542417507,happy
1.1554966091655585,13.301341648689894,29.708080434512226,-0.08823529411764706,88.95504482602435,happy
3.7380937950561446,25.043785147418617,45.48639538416581,-0.16071428571428573,102.3132444994293,happy
2.5228341155424414,8.382855914885424,28.3062652542285,-0.5135135135135135,101.24228365658294,happy
2.5701657431523395,6.73750591240649,28.400331461833353,-0.1891891891891892,107.05606008068857,happy
3.107282267899712,14.002156102050751,34.49581811850161,-0.46938775510204084,122.00409829181969,happy
3.778991910386384,14.589386801573664,29.14160319091402,-0.27906976744186046,106.48004507887852,happy
3.996582543658352,5.476909511369523,16.851105360639124,-0.21212121212121213,109.38464243210744,happy
3.9233893993946096,6.712803381664617,24.210789015251546,-0.19047619047619047,85.44003745317531,happy
2.828201671226662,6.312950158988085,22.720307622198117,-0.05405405405405406,95.90099061010788,happy
4.355160907950476,9.893610817306365,25.55904243035691,-0.08823529411764706,87.55569655939013,happy
2.5567297139246765,8.212525747758052,27.190938406851107,-0.16666666666666666,95.80187889597991,happy
3.7946378570435613,25.306784835701425,73.35379944743117,-1.0740740740740742,77.78174593052023,happy
2.6125607110739497,1.3627943387802308,14.067137771864184,-0.05128205128205128,89.26925562588724,happy
3.164535891423896,2.5023702304446864,18.52523930599974,-0.24,88.81441324469807,happy
1.7181283611832334,6.1654375422459875,21.95900209312263,-0.047619047619047616,81.39410298049853,happy
2.07758650997212,13.899090136766194,34.471198941288726,-0.2413793103448276,86.83317338436964,happy
2.7052087652139107,13.356083065951402,30.99659362654787,-0.5217391304347826,100.22474744293447,happy
1.9016735472413173,4.971654048380472,23.11850879968493,-0.041666666666666664,98.03060746521976,happy
2.5858126163340707,9.210025812759598,29.82784646145782,-0.08,92.41753080449618,happy
3.7783104860448704,13.229828814357722,38.25013006743703,-0.3055555555555556,83.54639429682169,happy
4.024726915621655,5.392012191834587,22.121974597188714,-0.125,89.82204629154248,happy
5.3507371390336935,5.420037756376325,24.036372015154768,-0.08823529411764706,87.32124598286491,happy
2.502567818429844,8.530298031913912,35.459861391600285,-0.4074074074074074,96.04686356149273,happy
4.218154877753063,18.631929390512042,43.354422030530486,-0.8666666666666667,90.24411338142782,happy
3.885031785595707,8.01614044052857,24.04096444675731,-0.8421052631578947,96.30160954002794,happy
3.702117242944929,22.106827845383254,47.580500161471434,-0.6585365853658537,96.30160954002794,happy
3.1864087876773928,3.6963641186308593,19.89800227656647,-0.08823529411764706,95.0789145920377,happy
3.3080767171865153,21.72995654013038,53.10589378831864,-0.5,79.62411694957753,happy
2.2750100012525154,8.8271657231304,25.428075523065075,0.075,86.31338250816034,happy
2.7215762996320874,8.530754344833767,28.10721206626544,0.045454545454545456,91.7877987534291,happy
2.4851761139220225,11.038969253908586,30.357165448248615,-0.2777777777777778,91.78235124467012,happy
2.7129605725256436,8.031919114359074,26.48134752393609,0.09523809523809523,93.68030742904295,happy
2.3705129454625804,11.27799006635972,26.964192285606146,-0.05128205128205128,90.09439494219383,happy
2.81566168122391,9.106905750208584,29.193635065368444,-0.24,101.6366075781753,happy
1.5810474321344568,11.758686099207877,31.365940992344868,0.125,95.80187889597991,happy
2.063369023727799,10.706217876459844,29.27960501723697,-0.0,89.44271909999159,happy
3.699971851586246,11.53945121797909,30.321400528424878,-0.06666666666666667,91.44397191723465,happy
3.088684014013896,15.659695537133912,36.26669238336667,-0.3181818181818182,99.24716620639605,happy
2.9954261133720426,14.520530478227286,33.29618518669334,0.06896551724137931,90.47098982546837,happy
2.9261109535080516,2.716411712076934,18.31803527455206,-0.0967741935483871,97.86214794290998,happy
2.3607639647405727,6.499765721103914,20.228987843322464,-0.15625,101.6366075781753,happy
2.6928860197513216,0.5162692724256972,11.784961539692766,-0.0,95.50916186418976,happy
2.7232010463775973,7.390626007663078,25.307100031466515,-0.3157894736842105,100.66280345788111,happy
1.1967305187159845,6.762386328246783,25.572241610457354,-0.08695652173913043,94.72592042308166,happy
1.675032609168645,7.9957357697332005,25.585120553305234,0.2413793103448276,89.28605714219886,happy
2.4189726130325777,14.319484937406623,35.316306040487106,-0.08,89.82204629154248,happy
3.372702598302122,0.871804833734174,11.05271212937563,-0.16666666666666666,87.66413177577246,happy
2.3362253456849658,0.20797258270192576,13.594474489282547,-0.15384615384615385,93.86160024205851,happy
1.4836945452980592,16.27438573187847,38.88916398107383,-0.05,83.60023923410746,happy
1.984522785148406,27.451856942309856,50.025272434190654,-0.47058823529411764,84.72307831990054,happy
1.8000428077101502,16.22107541660641,34.766344037037804,-0.14705882352941177,88.11923740024082,happy
2.3114743849326014,5.187641209180985,27.142883249778592,-0.48,95.90099061010788,happy
0.7089067502061219,12.362216235121535,31.855405790050465,-0.025,79.76214641043707,happy
3.3112862007646124,1.8083777037386075,14.546443623654136,-0.1388888888888889,102.77159140540736,happy
1.846683726245516,3.2924173323876214,9.591960565550822,-0.4827586206896552,93.86160024205851,happy
2.131195457872305,14.78998293655961,35.44167041990053,-0.2,87.86353054595519,happy
3.2827901201341945,1.3086036217717063,14.161497814920248,-0.25,98.2700361249552,happy
3.2797773407557242,0.013469311461009133,14.674814836769452,-1.0833333333333333,112.29425630903836,happy
2.6122909486885724,0.01837484840812595,10.93303480283494,-0.16666666666666666,105.3612832116238,happy
4.1229766973680455,0.7406891470359436,13.471283861716223,0.07317073170731707,98.84331034521254,happy
2.4816375632328045,3.92236603744296,22.8310655817418,-0.18518518518518517,93.2148056909416,happy
2.1827994022954864,17.541769742083726,38.27836406389085,-0.12195121951219512,86.49277426467485,happy
2.7326384916640203,10.281452154853191,31.998315241098044,-0.4666666666666667,88.11923740024082,happy
2.321191727213148,17.648199255211352,45.34537315715778,-0.2647058823529412,87.96590248499699,happy
2.155112097469831,11.558629168727943,31.617234622507706,-0.1388888888888889,89.62700485902673,happy
2.2809572750308718,22.38731289112945,44.14123599349,-0.2702702702702703,87.69264507357501,happy
2.4101029798340505,9.776466119810705,27.48942726730074,-0.13953488372093023,89.62700485902673,happy
3.25,10.323529411764707,30.71323529411765,-0.23529411764705882,87.86353054595519,happy
2.2457216975609913,9.447067985373021,27.12517998014717,-0.1282051282051282,91.78235124467012,happy
2.9390053404295347,12.395687229929273,29.182594203794437,-0.0975609756097561,99.46356116689167,happy
2.147705051048996,9.076540965059925,27.791420401721204,0.18,86.0,happy
2.3135744940137974,24.974847713963822,54.005798805817534,-0.6774193548387096,92.39588735436226,happy
2.411557498968613,7.703203668134027,25.410925874846413,-0.5789473684210527,106.88779163215975,happy
2.127443372084578,22.94301675777486,46.86442993265813,-0.26666666666666666,87.29833904490967,happy
2.179513757422704,11.684336426121718,31.946114091132785,-0.05263157894736842,90.93404203047393,happy
2.7036258353888853,16.570609958835103,41.83880801568078,-0.48484848484848486,86.68333173107735,happy
3.1691295324817017,13.85663788184971,32.74636927521167,-0.3333333333333333,86.49277426467485,happy
2.812355325457164,9.343527610196528,29.2391983423563,-0.3170731707317073,99.6393496566492,happy
5.175475247883114,10.235779975646436,28.79982818745527,-0.25,89.82204629154248,happy
2.899236698642794,8.389826552709678,33.482335325034036,-0.5769230769230769,86.57944328765345,happy
2.506708664769349,17.7476547537045,39.37539544691069,-0.4375,88.45903006477066,happy
2.996100983188103,5.128144707449742,22.219618780361007,-0.12903225806451613,88.52683209061533,happy
2.4925581278600597,14.245068350778073,33.876429859121814,-0.30952380952380953,94.83142938920619,happy
1.8888910598572581,1.5980092007369397,17.15834763924917,-0.2631578947368421,92.57429448826494,happy
1.523892288326842,2.0115378205914314,16.586720951610825,-0.1935483870967742,92.89241088485109,happy
2.508943540190028,0.9275488239490407,20.307236957113833,-0.4117647058823529,90.2551937563706,happy
0.8085993741091717,0.03607134754390357,10.695154546767409,0.4666666666666667,76.48529270389177,happy
2.0769333461374617,9.58635582730752,29.22944154117538,-0.15217391304347827,89.80534505250787,happy
2.128652209688488,8.470393510956269,20.57276037672227,-0.05,91.6624241442479,happy
3.1984955524052805,12.230777999342136,37.659027791788844,-0.6666666666666666,93.55746896961247,happy
4.18277592296321,17.58549787589246,46.55039960954342,-0.42857142857142855,81.49233092751734,happy
2.7785215053747385,13.499225197498731,34.700462317496736,-0.5185185185185185,91.09335870413386,happy
3.606790075596496,13.679973611533512,39.68391535860901,-0.375,79.83107164506812,happy
4.224636315893933,14.362772937974682,49.60604611957049,-0.4857142857142857,79.62411694957753,happy
5.850743546086244,24.295199755790208,56.9075827120641,-1.0,90.95603333479313,happy
3.926074299595029,14.670008807626587,38.81747654277021,-0.25,96.04686356149273,happy
4.778574846060992,9.590566299437095,34.25870581945264,-0.15789473684210525,95.34149149242423,happy
4.3567259948705575,1.464263869136959,26.948225690126495,-0.2,90.60905032059435,happy
3.7680398812173053,0.2559169177591735,15.402157655663943,-0.2,93.40770846134703,happy
4.019760406282008,8.753087748590408,40.554387530833274,-0.2777777777777778,85.70297544426332,happy
3.850515626281147,12.907362240210041,40.496267964932706,-0.717948717948718,94.92101980067429,happy
3.0717761400503436,5.176881505208382,27.0508036676475,-0.55,89.73850901368932,happy
3.1687755398155777,1.4315787971755656,22.672026006954603,-0.5789473684210527,90.02777349240623,happy
2.7957963000471735,0.3027027572983406,19.230033498369583,-0.4230769230769231,83.95236744726142,happy
1.6784001719848918,4.278134906463618,25.19742896494765,-0.0,81.9084855189009,happy
2.7790566183320182,4.84873272539275,26.1535342342326,-0.41935483870967744,84.8999411071645,happy
3.155723569748459,4.631316535232692,26.830955258532615,-0.17647058823529413,83.95236744726142,happy
2.588600915717736,2.5654884075416846,25.20033808128784,-0.4,86.68333173107735,happy
3.272723421468894,4.515745324524198,25.507490558586905,-0.23529411764705882,91.67878707749138,happy
3.093974788043706,7.197214079139102,31.07211043821433,-0.6086956521739131,87.32124598286491,happy
3.8542097487541906,0.37794987273986363,24.566741728091134,-0.35,85.58621384311844,happy
1.7589938618257297,0.5746046615297384,16.68112512298067,-0.15217391304347827,90.44335243676011,happy
4.334459854437428,19.625290495353873,42.57778255813198,-0.1956521739130435,90.55385138137417,happy
1.0764526634950975,6.313641498019764,22.94498022350197,-0.0,97.86725703727473,happy
2.2471305441675247,5.085140036203801,21.492475669448222,-0.16216216216216217,104.23531071570709,happy
3.7458807374148626,11.934295786583672,32.41809931270039,-0.34375,90.47098982546837,happy
3.959797974644666,14.941166286471748,41.620305140640184,-0.22727272727272727,89.67719888578144,happy
2.538318058937792,16.355462232972254,46.582405723809444,-0.3939393939393939,84.17244204607586,happy
2.2209066775954893,18.4360979028197,48.516949736815754,-0.5357142857142857,83.19855767980596,happy
2.5132908285597404,15.026351842982361,41.80681951847021,-0.2962962962962963,82.46211251235322,happy
1.7813239287907994,19.409708846729938,48.851968499951454,-0.5172413793103449,82.22530024268686,happy
2.0225182103530654,11.189032603868524,34.54297215987906,-0.15384615384615385,82.20097323024831,happy
4.8722703898291035,22.39801930850715,56.311585574554464,-1.2857142857142858,98.65596788841515,happy
1.6868562428068306,1.051804480808965,14.050520234202777,-0.3333333333333333,98.08159868191383,happy
3.6777794103602357,17.167676633389814,42.00857057783831,-0.47058823529411764,89.49860334105779,happy
3.9448458757241918,9.048907369426107,29.07172258904133,-0.23333333333333334,90.80198235721508,happy
3.525586533263777,16.230402869349458,41.66385707215098,-0.26666666666666666,80.89499366462674,happy
4.009713449204165,1.845684335226895,19.157917247045056,-0.1724137931034483,92.64987857520376,happy
2.774757998533032,2.375753280851553,19.94414420899483,-0.05263157894736842,96.0260381354974,happy
2.211789683183753,19.235186910939113,42.82975029468452,-0.08695652173913043,87.14355971613737,happy
4.212781403399855,1.5110306851863944,20.63914723913582,-0.3,100.89598604503551,happy
3.2686908354428694,7.575855697074286,23.415712530263463,-0.09090909090909091,104.7377677822093,happy
4.344570547188375,6.111605963019613,22.117149894846367,-0.28125,102.61091559868278,happy
2.9405642099060416,4.976339432148685,19.85052203237272,-0.2,93.74433316206373,happy
2.4844726413430305,10.400278529177632,29.358185045203477,-0.0,83.48652585896721,happy
4.19953328180544,14.765515462735118,32.38395500455327,-0.40625,99.46356116689167,happy
2.929314817229058,5.777741256862047,17.373667959384175,0.0975609756097561,90.93404203047393,happy
3.4698612109282836,6.95774767490035,20.26639283889368,0.1282051282051282,89.10667763978185,happy
1.5112714639228653,5.592028029247776,18.471814809575406,-0.10714285714285714,95.80187889597991,happy
2.7391980854903233,2.0790185202789404,17.171963497321492,0.14285714285714285,77.92945527847606,happy
2.6350338996667473,0.5944352568271787,21.78117247030931,-0.4642857142857143,85.44003745317531,happy
2.694869275920454,6.171703017995285,16.54404159797689,-0.23076923076923078,101.20276676059801,happy
2.245201304801547,4.253352698085585,23.014159981042706,-0.23529411764705882,93.74433316206373,happy
2.455412551906938,15.692205090613376,40.60778727976043,-0.2972972972972973,95.88534820294495,happy
2.7159164057601113,14.395197791521086,39.09910615103566,-0.27586206896551724,83.72574275573791,happy
4.727800689879632,6.996004810691823,25.56514447120097,-0.6,94.54099639838793,happy
4.3777778570088275,12.479102857896386,35.6068545571656,-0.5333333333333333,101.11874208078342,happy
3.4467525690905325,4.122637182563582,22.037463833929703,-0.4117647058823529,130.60245020672468,happy
4.3355191859149524,8.685253188832906,25.80700026894622,-0.5882352941176471,103.0970416646375,happy
5.766120984353635,12.049116884277545,36.38460471243866,-0.8888888888888888,96.18731725128839,happy
4.190326463005166,3.89879494881453,26.589079065338733,-0.6666666666666666,105.80170130957252,happy
2.7562055783282147,8.53931549714188,26.497717468436655,-0.3488372093023256,109.38464243210744,happy
4.045379585485904,9.234097775690596,31.015790557307767,-0.11538461538461539,92.91393867445294,happy
3.9558076916172857,4.923910948869179,28.25266135021255,-0.4,99.24716620639605,happy
3.839714307510749,15.178164792042491,50.043592033503735,-0.6190476190476191,87.55569655939013,happy
2.114427326655619,8.995377969686334,26.38805303666213,-0.17073170731707318,97.32420048477151,happy
2.327612702495549,17.644332252671305,38.40928090458743,-0.13157894736842105,80.8084154033477,happy
2.0327240868142322,12.160557124990778,32.28023109694433,-0.25806451612903225,91.78235124467012,happy
2.9715194176699167,6.537342718873817,21.66762041260958,-0.34782608695652173,104.29285689825551,happy
3.766526884250279,8.273335667497884,22.194748045864248,-0.05128205128205128,93.38094023943002,happy
3.5917593591605836,12.91832363033514,30.46052137821034,-0.09090909090909091,84.72307831990054,happy
2.316914257693463,8.504367508784048,22.694340433334673,0.022222222222222223,90.08884503644167,happy
3.76190538683405,12.102626271876698,31.11809693160356,-0.3157894736842105,98.0612053770501,happy
2.116153112058149,6.847618375895804,29.731599703966484,-0.2631578947368421,88.95504482602435,happy
2.5339137930685496,7.633236352904805,23.237564231123557,0.09090909090909091,92.9623579735368,happy
2.673739538366456,28.008443041971194,59.54858279166582,-0.5806451612903226,77.46612162745726,happy
4.912415743095281,28.039612092681526,59.04952207653694,-0.68,83.43260753446461,happy
4.688381391943246,19.21945166883567,46.30140629310411,-0.7857142857142857,104.12012293500234,happy
2.637829268200499,8.878199993106675,30.294098613206813,-0.10344827586206896,88.05679985100527,happy
3.9995146630042337,19.65810231435642,43.92052394807381,-1.0,98.12746812182611,happy
4.531763072085546,7.970936691175124,28.96189769721886,-0.07407407407407407,81.02468759581859,happy
2.756998116980878,1.2161490623084816,15.945721443180625,0.05263157894736842,91.92388155425118,happy
0.8566870618221634,13.142667384938427,30.759144981614817,-0.11428571428571428,85.98837130682264,happy
1.0153832782292496,32.236592854860994,58.69499741418719,-0.1282051282051282,81.74350127074322,happy
1.823402704737573,2.91888575264315,25.325838357501308,-0.32,100.22474744293447,happy
3.608930819643019,8.735172435756777,25.673749504768903,-0.15384615384615385,89.98888820293314,happy
3.222422227375651,20.042599234843177,40.208026222747755,-0.717948717948718,104.5609869884557,happy
3.668425660006682,0.13529818025171333,14.66755272274256,-0.21428571428571427,98.71676655968832,happy
3.238363182045777,0.6502225286784827,16.52967663591476,-0.12903225806451613,103.57605900979242,happy
3.128676055680124,1.3761237878040784,15.013942492050774,-0.0,97.49358953285082,happy
2.6301908543166603,4.780150232423818,18.11580891793385,-0.21428571428571427,88.29496021857646,happy
2.029318052278134,20.55994533716532,38.318860123298855,-0.2894736842105263,99.04039579888602,happy
3.9567125297728203,17.08456801944862,37.112875773247126,-0.6190476190476191,104.78549517943789,happy
2.434055837686304,10.225100195089567,25.731447426969503,-0.2903225806451613,93.62157870918435,happy
3.810623085508252,17.710692878636323,36.25701477906938,-1.0476190476190477,105.51303237041384,happy
2.423950593697548,18.860956106095248,35.90067365800693,-0.25806451612903225,98.84331034521254,happy
2.6354493458168746,6.021860064366515,23.556099663551368,-0.46153846153846156,98.95453501482385,happy
2.7553223775589757,9.681936099105279,23.540838768516235,-0.15,106.53168542738823,happy
3.1986713299118885,12.673472511356156,29.495116684240152,-0.5925925925925926,106.25441167311595,happy
3.249816022821539,15.061709895559284,33.0576881120245,-0.5263157894736842,106.7379969832674,happy
2.408917557333144,18.397741127994944,33.84219496648539,-0.3333333333333333,98.95453501482385,happy
2.7766329627852873,0.14879104899973017,15.90624310919696,0.18181818181818182,137.6154061142865,happy
2.230366921300681,12.5612075690431,29.138443919692026,-0.36,96.1041102138717,happy
2.219943624677645,12.099540061220141,26.544425142710406,-0.16666666666666666,97.12363255150623,happy
3.724996939910151,1.1790935195621108,13.55664240650765,-0.13793103448275862,108.24047302187847,happy
3.1795579946111836,5.0860002881280515,22.929007652196095,0.10344827586206896,91.59148432032315,happy
3.0288909402401485,0.31256368425082615,12.963950903927122,-0.4666666666666667,97.082439194738,happy
4.828044604794197,9.878509056354131,3.405324550482325,-0.3333333333333333,97.62171889492625,happy
3.0696011499072964,3.7435863853249396,18.361732475782212,-0.047619047619047616,89.98888820293314,happy
2.0476029701354603,14.213881967535418,32.03933359098461,-0.225,93.2148056909416,happy
4.226886065341687,11.245604284952266,35.319720805252246,-0.39285714285714285,83.86298349093002,happy
4.320359465747267,17.816416708653833,43.017162635498586,-0.18181818181818182,78.26237921249263,happy
2.173908545442294,11.048570489777306,26.700712016961823,-0.08333333333333333,76.90253571892151,happy
3.224713187927501,7.4231909708965675,24.11125812505092,-0.3684210526315789,99.29753269845128,happy
3.3550317744467293,11.703120048428305,28.928134767593907,-0.23333333333333334,94.92101980067429,happy
2.7856776554368237,0.4594932215153523,18.932556642749752,-0.24,97.74456506629922,happy
2.086717523098517,2.7786719683392476,14.544611084275749,-0.023809523809523808,101.78899744078434,happy
1.9313145499127082,12.520810429518828,32.47227175446452,-0.5,89.26925562588724,happy
4.147260181252657,24.786154795996005,47.88643146953158,-0.3333333333333333,91.54780172128658,happy
2.8504321924762053,4.754737843263691,16.843462955541213,0.25806451612903225,84.34453153583817,happy
3.772081707842165,26.07945277155009,51.0821667423445,-0.1891891891891892,89.45389874119518,happy
5.271463973468925,14.78374129069561,34.24419834201607,-0.7307692307692307,104.78549517943789,happy
4.017211780266863,24.087849523135667,51.89219823646064,-0.8214285714285714,104.5609869884557,happy
1.628287061803203,8.151507187748818,19.942319890950568,-0.4,97.74456506629922,happy
3.7717001348434414,10.255359556926539,24.987895144363595,-0.13157894736842105,94.72592042308166,happy
3.3550761463359393,8.394427466535301,26.881031774860237,-0.44,103.94229168149026,happy
2.401450278018842,1.6331240054245781,16.916959634250375,-0.08108108108108109,88.45903006477066,happy
3.7923987139760666,0.6502611061510902,13.660229660604655,0.34375,114.79111463872106,happy
3.548235245747789,25.304519778885545,50.21219745791772,-0.4838709677419355,93.55746896961247,happy
4.192823016952319,17.196080891290375,43.92631093182317,-0.18421052631578946,86.46964785403026,happy
3.0704660948559677,15.241616552590319,37.75344729612566,-0.1,80.23091673413684,happy
